title,date,author,url,article
Ini Kandungan Skincare untuk Mengatasi Jerawat Papula,2024-06-09,Redaksi Halodoc,https://www.halodoc.com/artikel/ini-kandungan-skincare-untuk-mengatasi-jerawat-papula?srsltid=AfmBOoqMIOSXa0jdA30xYwG6tNVuVo-2rZr-JgQyFm9gHffKzWK4ufby,"Ini Kandungan Skincare untuk Mengatasi Jerawat Papula
“Jerawat papula berwarna kemerahan dan meradang. Jenis jerawat ini bisa diatasi dengan beberapa jenis kandungan yang ada dalam skin care.”
DAFTAR ISI
- Apa Penyebab Jerawat Papula?
- Kandungan Skincare untuk Mengobati Jerawat Papula
- Hubungi Dokter Ini untuk Tips Mengatasi Jerawat Papula
Halodoc, Jakarta – Jerawat papula adalah benjolan padat yang meradang pada kulit dengan ujung berisi nanah berwarna putih atau kuning. Ukurannya tak lebih dari 1 sentimeter dan berwarna kemerahan.
Ketimbang jenis lainnya, jerawat papula lebih sulit teratasi. Namun, ada beberapa bahan aktif pada skincare yang mampu mengobati jenis jerawat yang meradang ini.
Apa Penyebab Jerawat Papula?
Sama dengan penyebab jerawat pada umumnya, papula terjadi karena pori-pori wajah yang tersumbat akibat produksi sebum atau minyak berlebih dan penumpukan sel kulit mati.
Kulit manusia mempunyai kelenjar minyak yang menghasilkan sebum, fungsi utamanya untuk membantu menjaga kulit agar tetap lembap.
Akan tetapi, ada beberapa kondisi yang bisa membuat aktivitas kelenjar ini meningkat sehingga produksi minyak pada wajah menjadi berlebih. Selain itu, kulit juga terus melakukan regenerasi untuk mengganti sel yang sudah tua dan rusak dengan sel baru yang lebih sehat.
Namun, sel kulit mati yang seharusnya terangkat dari wajah justru menumpuk dan mengendap pada lapisan kulit wajah paling luar. Penumpukan berlebihan ini akan membuat pori-pori kulit tertutup, semakin banyak penumpukan akan membuat sel yang ada pada area sekitarnya akan mendapat tekanan.
Semakin besar tekanan, pori kulit sekitar akan robek dan rusak. Kondisi ini akan menyebabkan isi jerawat yang mengandung bakteri memicu munculnya infeksi pada area sekitar pori kulit yang robek. Alhasil, muncul benjolan berwarna merah yang meradang.
Selain itu, kondisi berikut ini juga bisa memicu munculnya jerawat papula, yaitu:
- Peningkatan bakteri kulit akibat tidak menjaga kebersihan dengan baik.
- Peningkatan hormon androgen pubertas.
- Penggunaan obat-obatan, termasuk kortikosteroid dan steroid anabolik.
- Stres yang tak teratasi dengan baik
- Pola makan yang salah, seperti mengkonsumsi terlalu banyak gula.
Namun, kamu tak perlu khawatir, karena jenis jerawat ini dapat teratasi dengan baik menggunakan skincare dari bahan yang tepat. Kamu bisa memakainya secara teratur sebagai tahap awal mengatasi jerawat papula.
Masalah jerawat bisa muncul akibat penggunaan skincare dengan tahapan yang salah. Ikuti tahapan yang sesuai di sini: Begini Tahapan Basic Skincare dan Rekomendasi Produknya
Kandungan Skincare untuk Mengobati Jerawat Papula
Jika ingin membeli skincare untuk mengobati jerawat, sebaiknya pilih yang mengandung beberapa bahan aktif, seperti sulfur, benzoil peroksida, dan asam salisilat.
Kamu bisa bertanya terlebih dulu dengan dokter spesialis kulit terkait dengan bahan yang cocok sesuai dengan jenis kulit. Ini beberapa zat yang efektif mengatasi papula jerawat:
1. Sulfur
Sulfur atau belerang juga bisa menjadi solusi jitu mengatasi jerawat, komedo, atau kombinasi keduanya. Kamu bisa menemukan kandungan ini dalam produk perawatan kulit, seperti sabun, pembersih, losion, dan masker.
Produk belerang umumnya bisa kamu gabungkan dengan resorsinol atau sodium sulfacetamide. Bahan-bahan tersebut bersifat antiperadangan dan melembapkan sehingga ampuh untuk mengobati jerawat papula.
Kamu bisa memakainya sendiri atau bersamaan dengan produk perawatan lainnya. Mengkombinasikannya dapat membantu menghilangkan jerawat lebih cepat. Namun, waspadai risiko efek samping yang bisa terjadi.
Pasalnya, sulfur dapat membuat kulit menjadi kering, mengelupas, kemerahan, dan gatal. Efek ini biasanya terasa saat pertama kali memulai perawatan dengan belerang.
Selain itu, sulfur cenderung menimbulkan bau yang khas, yang mungkin membuat kurang nyaman pada sebagian orang. Sementara itu, jika kamu memiliki kulit sensitif, gunakan sulfur dengan dosis rendah terlebih dahulu, lalu tingkatkan secara perlahan.
Ingin mengetahui keunggulan sulfur dalam skincare, berikut 5 Manfaat Sulfur pada Skincare untuk Atasi Jerawat yang bisa kamu baca.
2. Benzoil Peroksida
Propionibacterium acnes adalah jenis bakteri penyebab jerawat yang tidak bisa hidup pada lingkungan yang kaya oksigen. Sementara itu, benzoil peroksida bekerja dengan memasukkan oksigen ke dalam pori-pori.
Tujuan utamanya adalah membunuh Propionibacterium acnes. Ketika jumlah bakteri berkurang, jerawat pada kulit akan mengalami penurunan yang signifikan.
Selain itu, benzoil peroksida juga bekerja dengan membersihkan pori-pori. Namun, setelah jerawat menghilang, kamu perlu melanjutkan perawatan dengan zat ini supaya bakteri tidak kembali menyumbat pori-pori.
Jika ingin menggunakannya, sebaiknya pakai produk yang mengandung 2,5 persen benzoil peroksida terlebih dahulu sebagai langkah awal. Kamu bisa meningkatkan persentasenya secara perlahan.
Sebab, kandungan yang terlalu tinggi bisa memicu iritasi sehingga kamu perlu memakainya secara hati-hati. Salah satu efek samping yang paling sering terjadi adalah kulit kering dan mengelupas.
Namun, efek tersebut bisa berkurang dengan menggunakan produk pelembap yang bebas minyak. Efek samping lainnya, yaitu pengelupasan yang berlebihan, kemerahan, rasa terbakar, gatal, bengkak, dan ruam.
3. Asam salisilat
Cara mengatasi jerawat papula juga bisa menggunakan skincare yang mengandung asam salisilat. Kandungan ini mampu menembus pori-pori kulit wajah dan mendorong keluarnya sel-sel kulit mati yang tersumbat.
Selain membersihkan pori-pori, asam salisilat juga dapat mengurangi kelebihan minyak pada kulit. Zat aktif ini tersedia dalam berbagai bentuk, mulai dari gel, lotion, krim, salep, sabun hingga toner.
Kamu bisa menggunakan produk ini sesuai petunjuk yang tertera pada label kemasan. Beberapa yang harus kamu perhatikan saat menggunakan asam salisilat, yaitu:
- Hindari menggunakannya jika punya riwayat alergi terhadap asam salisilat maupun salah satu bahan dalam produk asam salisilat.
- Tidak menggunakan sabun atau pembersih yang bersifat abrasif, produk yang mengandung alkohol dan obat jerawat lain yang berisiko menyebabkan iritasi.
- Sebaiknya, kamu tidak menggunakannya bersama dengan benzoil peroksida dan tretinoin.
Selain jerawat papula, komedo juga menjadi masalah umum yang terjadi pada semua orang. Untuk menghilangkannya, kamu bisa cari tahu caranya dari artikel ini: 7 Cara Simpel Menghilangkan Komedo Putih pada Wajah.
Hubungi Dokter Ini untuk Tips Mengatasi Jerawat Papula
Jika kamu butuh saran seputar jerawat papula, hubungi dokter kulit di Halodoc saja.
Berikut dokter spesialis kulit yang sudah memiliki pengalaman lebih dari 8 tahun.
Mereka juga mempunyai rating yang baik dari para pasien yang sebelumnya mereka layani di Halodoc.
Ini daftarnya:
1. dr. Dyah Ayu Nirmalasari Sp.D.V.E
Dokter Dyah Ayu Nirmalasari Sp.D.V.E merupakan lulusan Fakultas Kedokteran Universitas Muhammadiyah Yogyakarta pada 2013 dan Universitas Hasanuddin pada 2022.
Saat ini, dokter Dyah sedang menjalani praktik di Kabupaten Bima, Nusa Tenggara Barat, dan tergabung sebagai anggota Perhimpunan Dokter Spesialis Kulit dan Kelamin Indonesia (PERDOSKI).
Berpengalaman sebagai dokter spesialis kulit selama 10 tahun, dr. Dyah Ayu Nirmalasari Sp.D.V.E mampu memberikan layanan konsultasi di Halodoc terkait jerawat papula.
Chat dr. Dyah Ayu Nirmalasari Sp.D.V.E dari Rp 55.000,- di Halodoc.
2. dr. Made Martina W. M.Biomed, Sp.D.V.E
Kamu juga bisa menghubungi Made Martina W. M.Biomed, Sp.D.V.E. Ia merupakan alumnus Fakultas Kedokteran Universitas Wijaya Kusuma Surabaya pada 2011 dan Universitas Udayana pada 2017.
Ia kini berpraktik di Denpasar, Bali dan tergabung sebagai tergabung sebagai anggota Perhimpunan Dokter Spesialis Kulit dan Kelamin Indonesia (PERDOSKI).
Berbekal pengalaman selama 12 tahun, dr. Made Martina W. M.Biomed, Sp.D.V.E memberikan layanan konsultasi di Halodoc seputar mengatasi jerawat papula.
Chat dr. Made Martina W. M.Biomed, Sp.D.V.E mulai dari Rp 55.000,- di Halodoc.
3. dr. Dina Febriani Sp.D.V.E
Rekomendasi selanjutnya adalah dr. Dina Febriani Sp.D.V.E. Ia merupakan lulusan Fakultas Kedokteran Universitas Yarsi Jakarta pada 2009 dan Universitas Sebelas Maret Surakarta pada 2023.
Dokter Dina Febriani Sp.D.V.E saat ini berpraktik di Pekanbaru, Riau dan tergabung sebagai tergabung sebagai anggota Perhimpunan Dokter Spesialis Kulit dan Kelamin Indonesia (PERDOSKI).
Dengan pengalaman selama 14 tahun yang ia miliki, dr. Dina Febriani Sp.D.V.E memberikan layanan konsultasi di Halodoc tentang jerawat papula.
Chat dr. Dina Febriani Sp.D.V.E mulai dari Rp 55.000,- di Halodoc.
4. dr. Frieda Sp.D.V.E
Dokter kulit lain yang bisa kamu hubungi adalah dr. Frieda Sp.D.V.E. Ia merupakan alumnus Fakultas Kedokteran Universitas Atma Jaya pada 2015 dan Universitas Sebelas Maret pada 2022.
Ia kini berpraktik di Bogor, Jawa Barat dan tergabung sebagai tergabung sebagai anggota Perhimpunan Dokter Spesialis Kulit dan Kelamin Indonesia (PERDOSKI).
Memiliki pengalaman selama 8 tahun, dr. Frieda Sp.D.V.E memberikan layanan konsultasi di Halodoc tentang penanganan jerawat papula.
Chat dr. Frieda Sp.D.V.E mulai dari Rp 55.000,- di Halodoc.
5. dr. Ryski Meilia Novarina Sp.D.V.E
Rekomendasi dokter lain yang bisa kamu hubungi yaitu, dr. Ryski Meilia Novarina Sp.D.V.E.
Ia merupakan lulusan Fakultas Kedokteran Universitas Muhammadiyah Malang pada 2010 dan Universitas Airlangga pada 2016.
Dokter Ryski saat ini berpraktik di Gresik, Jawa Timur dan tergabung sebagai tergabung sebagai anggota Perhimpunan Dokter Spesialis Kulit dan Kelamin Indonesia (PERDOSKI).
Berbekal pengalaman selama 13 tahun, dr. Ryski Meilia Novarina Sp.D.V.E memberikan layanan konsultasi di Halodoc seputar cara mengobati jerawat papula.
Chat dr. Ryski Meilia Novarina Sp.D.V.E mulai dari Rp 55.000,- di Halodoc.
Itulah berbagai daftar dokter spesialis kulit yang bisa kamu hubungi untuk bertanya seputar jerawat papula.
Tak perlu khawatir jika dokter sedang tidak tersedia atau offline.
Sebab, kamu tetap bisa membuat janji konsultasi di lain waktu melalui aplikasi Halodoc.
Kamu juga bisa temukan produk skincare, mulai dari pembersih wajah hingga serum untuk mengatasi jerawat di Toko Kesehatan Halodoc berikut ini:
Referensi:
Very Well Health. Diakses pada 2023. Acne Papules Causes and Treatments.
Cleveland Clinic. Diakses pada 2023. Acne Papules.
American Academy of Dermatology. Diakses pada 2023. HOW TO TREAT DIFFERENT TYPES OF ACNE.
Verywell Health. Diakses pada 2023. Salicylic Acid Acne Treatments.
Verywell Health. Diakses pada 2023. Benzoyl Peroxide for Acne Treatment.
Verywell Health. Diakses pada 2023. Treating Acne With Sulfur.
Berlangganan Artikel Halodoc
Topik Terkini
Mulai Rp50 Ribu! Bisa Konsultasi dengan Ahli seputar Kesehatan"
7 Jenis Jerawat dan Cara Efektif Mengatasinya,2023-08-17,Redaksi Halodoc,"https://www.halodoc.com/artikel/7-jenis-jerawat-dan-cara-efektif-mengatasinya#:~:text=Jerawat%20papula%20muncul%20sebagai%20benjolan,%2C%20benzoyl%20peroxide%2C%20dan%20retinoid.","7 Jenis Jerawat dan Cara Efektif Mengatasinya
“Jerawat yang muncul di kulit wajah ada banyak jenisnya. Penting untuk mengetahui hal ini, agar bisa menentukan cara yang paling efektif untuk mengatasinya.”
Halodoc, Jakarta – Banyak yang mungkin belum tahu, bahwa ada beberapa jenis jerawat yang dapat muncul di kulit wajah. Mulai dari blackhead, whiteheads, pustula, nodul, dan masih banyak lagi.
Karena beda jenisnya, cara mengatasi setiap jerawat pun bisa jadi berbeda. Oleh karena itu, penting untuk memahami hal ini, agar masalah jerawat yang kamu alami tak menjadi semakin parah. Yuk, cek ulasannya!
Berbagai Jenis Jerawat dan Cara Mengatasinya
Jerawat merupakan salah satu masalah kulit yang dapat terjadi pada siapa saja. Berikut ini beberapa jenis jerawat dan cara mengatasinya:
1. Jerawat Blackheads (Komedo Hitam)
Jerawat blackheads atau nama lainnya komedo hitam, sering muncul di sekitar hidung. Penyebabnya adalah pori-pori yang tersumbat oleh minyak berlebih.
Untuk mengatasi blackheads, kamu dapat menggunakan krim wajah yang mengandung asam salisilat, benzoyl peroxide, dan resorsinol. Bahan-bahan ini dapat membantu membunuh bakteri penyebab komedo, mengurangi minyak berlebih, serta mengangkat sel kulit mati.
2. Jerawat Whiteheads (Komedo Putih)
Jerawat whiteheads atau komedo putih juga sering muncul di wajah. Jenis jerawat ini terjadi karena pori-pori tersumbat dan menutupi seluruh permukaan kulit, sehingga terbentuk benjolan putih.
Cara mengatasi whiteheads adalah dengan menggunakan produk yang mengandung AHA, retinoid, benzoyl peroxide, dan asam salisilat. Bahan-bahan ini dapat membantu mengangkat sel kulit mati, membunuh bakteri, serta mengurangi peradangan pada area komedo.
3. Jerawat Pustula
Jerawat pustula memiliki cairan nanah di dalamnya dan seringkali lebih besar dari komedo putih. Ini muncul di area berminyak seperti wajah, punggung, dan dada.
Untuk mengatasi jenis jerawat ini, gunakan sabun cuci muka yang mengandung benzoyl peroxide dan asam salisilat. Adapun, kandungan benzoyl peroxide membantu membunuh bakteri penyebab jerawat, sedangkan asam salisilat membersihkan sel kulit mati pada wajah.
Lebih lanjut mengenai penyebab dan cara mengatasi jerawat pustula bisa kamu baca dalam artikel ini → Inilah Penyebab dan Cara Mengatasi Jerawat Pustula
4. Jerawat Papula
Jerawat papula muncul sebagai benjolan di bawah permukaan kulit yang terasa nyeri jika tersentuh. Kulit di sekitarnya kemerahan namun tidak ada nanah di puncaknya.
Mengatasi jerawat papula bisa kamu lakukan dengan menggunakan produk yang mengandung asam salisilat, benzoyl peroxide, dan retinoid. Selain itu, retinoid juga membantu memulihkan sel kulit yang rusak.
5. Jerawat Kistik
Jerawat kistik atau jerawat batu adalah jenis jerawat yang berbentuk benjolan merah, besar, dan keras. Jenis jerawat ini terjadi akibat penumpukan minyak dan sel kulit mati di jaringan kulit bagian dalam.
Cek lebih lanjut mengenai faktor risiko terbentuknya jerawat kistik dalam artikel ini → Faktor Risiko Kemunculan Jerawat Kistik
Untuk mengatasi jerawat kistik, penggunaan produk yang mengandung benzoyl peroxide dan retinoid adalah pilihan yang tepat. Namun, jenis jerawat ini memerlukan perhatian khusus dan penggunaan produk isotretinoin sebaiknya dalam pengawasan dokter.
6. Jerawat Nodul
Jerawat nodul merupakan jenis jerawat parah yang seringkali tidak dapat teratasi dengan obat bebas. Ini muncul karena faktor keturunan dan ketidakseimbangan hormon. Bentuknya besar, keras, dan terasa sakit.
Jerawat nodul muncul di bawah permukaan kulit dan dapat bertahan berminggu-minggu. Pengobatan jerawat nodul memerlukan bantuan dokter kulit dan pemberian antibiotik serta obat lainnya.
7. Jerawat Mekanika
Jerawat mekanika sering terjadi pada para atlet dan muncul di bagian tubuh yang mengalami tekanan dan gesekan, seperti punggung dan dada. Ini timbul akibat penggunaan pakaian yang ketat atau alat olahraga lainnya.
Mengatasi jerawat mekanika dapat kamu lakukan dengan produk yang mengandung asam salisilat dan benzoyl peroxide. Pemilihan bahan pakaian yang mudah menyerap keringat juga penting untuk menghindari timbulnya jerawat.
Itulah berbagai jenis jerawat yang bisa muncul di kulit. Meski jerawat dapat menjadi masalah kulit yang mengganggu, dengan pengetahuan tentang jenis-jenisnya dan cara mengatasinya, kamu dapat mengambil langkah-langkah yang tepat untuk merawat kulit.
Namun, jika jerawat menjadi parah, kamu atau keluargamu bisa konsultasikan masalah tersebut dengan dokter kulit di Halodoc untuk mendapatkan pengobatan yang lebih spesifik dan efektif, sesuai kondisi kulit kamu.
Referensi:
National Health Service UK. Diakses pada 2023. Health A-Z. Acne.
Kementerian Kesehatan. Diakses pada 2023. Jenis Jerawat dan Cara Mengatasinya.
Berlangganan Artikel Halodoc
Topik Terkini
Mulai Rp50 Ribu! Bisa Konsultasi dengan Ahli seputar Kesehatan"
7 Kandungan Skincare untuk Kulit Berjerawat yang Aman Digunakan,2024-01-08,Redaksi Halodoc,https://www.halodoc.com/artikel/7-kandungan-skincare-untuk-kulit-berjerawat-yang-aman-digunakan?srsltid=AfmBOoqDcxg8wRiXGP53wLV8IywjBFtaK9xLAdDC5tjLOdoU041YGrIK,"7 Kandungan Skincare untuk Kulit Berjerawat yang Aman Digunakan
“Memilih skincare untuk kulit berjerawat harus selektif dan hati-hati. Sebab, jika salah justru bisa membuat jerawat semakin meradang.”
DAFTAR ISI
- Bahan Skincare untuk Kulit Berjerawat yang Aman
- Cara Mencegah Jerawat agar Tidak Muncul Lagi
- Pilihan Dokter Spesialis Kulit di Halodoc
Halodoc, Jakarta – Mengobati jerawat memang bukanlah proses yang instan. Di luar sana, banyak dijual skincare untuk kulit berjerawat. Namun, sebaiknya jangan asal pilih, karena justru jerawat bisa saja makin meradang.
Pertama-tama, jangan memilih skincare yang tidak berlabel Badan Pengawas Obat dan Makanan (BPOM). Selanjutnya, pilih kandungan yang aman dan tidak melukai kulit, serta sesuaikan dengan jenis kulit yang kamu miliki.
Bahan Skincare untuk Kulit Berjerawat yang Aman
Skincare untuk kulit berjerawat bekerja dengan cara yang berbeda, tergantung pada kandungannya. Beberapa bekerja dengan membunuh bakteri penyebab jerawat.
Lainnya bekerja dengan menghilangkan kelebihan minyak, mempercepat pertumbuhan sel kulit baru, dan mengangkat sel kulit mati.
Nah, dengan banyaknya pilihan produk skincare di pasaran, penting untuk kamu ketahui kandungan yang aman untuk kulitmu.
Di bawah ini rekomendasi kandungan skincare untuk kulit berjerawat:
1. Salicylic acid
Salicylic acid adalah kandungan yang umum dalam banyak produk skincare untuk mengatasi kulit berjerawat atau berminyak.
Bahan ini mengobati jerawat dengan cara membuka pori-pori yang tersumbat akibat sebum.
Selain mengatasi jerawat, salicylic acid juga berfungsi sebagai exfoliant, yaitu produk untuk mengikis sel kulit mati.
Menggunakannya dapat membantu mengatasi bruntusan, komedo, dan hiperpigmentasi.
2. Sulfur, bahan skincare untuk kulit berjerawat
Sulfur atau belerang sudah mampu mengatasi berbagai jenis masalah kulit termasuk jerawat.
Dengan sifatnya yang antijamur dan antibakteri, sulfur dapat mengurangi bakteri penyebab jerawat seperti bakteri propionibacterium.
Kandungan itu juga cocok untuk mengatasi komedo dan mengangkat sel kulit mati.
Produk bekerja dengan cara mengurangi produksi minyak dalam wajah. Bahan ini cocok untuk pemilik kulit sensitif dan berjerawat.
Di dalamnya memiliki komposisi yang lebih lembut untuk menangani jerawat. Namun, jangan sulfur bersamaan dengan zat aktif lain, karena memberikan efek yang terlalu keras di kulit.
Memiliki bekas jerawat kehitaman memang sangat mengganggu penampilan.
Tak hanya itu, pengidap terkadang juga bisa mengalami penurunan rasa percaya diri. Untuk mengatasinya, silakan klik artikel ini, Begini Cara Hilangkan Bekas Jerawat yang Menghitam.
3. Azelaic acid
Skincare untuk kulit berjerawat selanjutnya adalah azelaic acid. Bahan ini masih relatif jarang dalam produk skincare lokal.
Padahal, azelaic acid tidak kalah efektif untuk mengatasi jerawat.
Di dalamnya terkandung sifat antimikroba dan antiinflamasi. Cara kerjanya dengan cara membersihkan pori-pori dari bakteri yang menjadi penyebab jerawat. Bahan ini juga dapat mengeksfoliasi kulit secara lembut.
Selain itu, kandungan ini juga mampu mencerahkan wajah, sehingga dapat membantu dalam memudarkan bekas jerawat.
Pastikan untuk menggunakan sunscreen setelahnya, ya. Sebab bahan ini membuat kulit lebih sensitif.
4. AHA dan BHA dalam skincare untuk kulit berjerawat
Alpha hydroxy acid (AHA) dan beta hydroxy acid (BHA) memiliki komposisi berbeda, tapi berfungsi untuk mengeksfoliasi kulit.
AHA berfungsi untuk menangani masalah kulit seperti bekas jerawat, hiperpigmentasi, pori-pori besar, garis halus, dan warna kulit yang tidak rata. Kandungan AHA relatif lebih lembut di kulit.
Sementara itu, BHA mampu mengatasi jerawat dan mengobati kerusakan kulit akibat sinar matahari.
Cara kerjanya dengan cara masuk jauh ke dalam folikel rambut dan membuka pori-pori yang tersumbat.
5. Tea tree oil
Tea tree oil adalah minyak esensial yang cukup populer untuk mengobati jerawat.
Di dalamnya bersifat antiinflamasi dan antimikroba, sehingga mampu menenangkan kemerahan, bengkak, dan peradangan.
Untuk mengurangi jerawat ringan, kamu bisa menggunakan gel dengan kandungan tea tree oil sebanyak 5 persen.
Selain jerawat, bahan ini juga dapat mencegah dan mengurangi bekas jerawat.
6. Ekstrak lidah buaya
Skincare untuk kulit berjerawat selanjutnya adalah yang mengandung ekstrak lidah buaya.
Bahan alami ini bersifat antiinflamasi dan antimikroba, yang membantu meredakan jerawat dan mengurangi peradangan pada kulit berjerawat.
7. Benzoyl peroxide, kandungan skincare untuk kulit berjerawat
Bahan ini efektif dalam membunuh bakteri penyebab jerawat dan membersihkan pori-pori yang tersumbat.
Namun, penggunaan benzoyl peroxide perlu diawasi dengan hati-hati, karena dapat menyebabkan iritasi pada beberapa orang.
Selain jerawat, komedo jadi salah satu masalah kulit yang umum dialami pria maupun wanita.
Kamu bisa cari tahu di sini bagaimana langkah penanganannya, “13 Cara Mudah Menghilangkan Komedo dengan Bahan Alami”.
Cara Mencegah Jerawat agar Tidak Muncul Lagi
Selain menggunakan skincare untuk kulit berjerawat. Kamu bisa melakukan beberapa langkah di bawah ini untuk memaksimalkan hasilnya. Tujuannya agar jerawat tak datang kembali:
1. Membersihkan wajah secara teratur
Cuci wajah dua kali sehari dengan pembersih wajah yang lembut untuk menghilangkan kotoran, minyak, dan bakteri yang dapat menyumbat pori-pori.
2. Gunakan skincare untuk kulit berjerawat non-komedogenik
Pilih produk perawatan kulit dan kosmetik yang tidak menyumbat pori-pori (non-komedogenik) agar tidak memperparah jerawat batu. Misalnya, tea tree oil.
Penelitian berjudul Melaleuca alternifolia (Tea tree) oill: a review of antimicrobial and other medicinal properties yang dipublikasikan Clinical Microbiology Reviews menemukan, di dalam tea tree oil mengandung antibakteri.
Kandungan itu bersifat antiseptik, antiinflamasi, dan antimikroba. Memakai produk non-komedogenik seperti tea tree oil berfungsi meringankan gejala sekaligus mengatasi peradangan jerawat.
3. Gunakan produk berlabel “bebas minyak”
Pilih produk perawatan kulit yang bertuliskan “bebas minyak” (oil-free) untuk mengurangi produksi minyak berlebih yang dapat menyebabkan jerawat.
4. Perhatikan kebersihan rambut untuk cegah jerawat
Hindari agar rambut yang berminyak atau berproduk minyak tidak menyentuh langsung wajah, karena minyak pada rambut dapat menyumbat pori-pori.
5. Kurangi konsumsi makanan berlemak dan berminyak
Makanan berlemak dan berminyak dapat meningkatkan produksi minyak kulit, sehingga memicu timbulnya jerawat. Sebaiknya konsumsi makanan sehat yang kaya akan serat, vitamin, dan mineral.
Pilihan Dokter Spesialis Kulit di Halodoc
Kamu juga bisa bicara dengan dokter spesialis kulit untuk mendapatkan penanganan jerawat yang lebih tepat.
Berikut ini terdapat beberapa pilihan dokter yang bisa kamu hubungi untuk memberikan saran untuk mengatasi jerawat:
- Dr. Ade Indrayani Sp.D.V.E, M.Kes
- Dr. Reeza Edward Yuwantana Sp.D.V.E
- Dr. Karlina Novianti Kasim Sp.D.V.E
- Dr. Nur Putri Nuzul Iryani Sp.D.V.E
- Dr. Rina Diana Winta Sp.D.V.E
Jika dokter sedang tidak tersedia atau offline, kamu tak perlu khawatir. Sebab kamu tetap bisa membuat janji konsultasi di lain waktu melalui aplikasi Halodoc.
Nah, itulah kandungan skincare untuk kulit berjerawat yang aman untuk kamu gunakan. Ingat, sekali lagi, pastikan memilih produk dari bahan yang aman, berlabel, dan mendapatkan izin edar BPOM.
Kamu bisa mendapatkan produk perawatan kulit atau kesehatan lainnya yang berkualitas di aplikasi Halodoc.
Tak perlu khawatir, produknya sudah pasti terjamin keasliannya. Yuk, cek sekarang juga dengan klik gambar berikut:
Referensi:
Medical News Today. Diakses pada 2023. Is salicylic acid good for acne?
Medical News Today. Diakses pada 2023. Sulfur for acne: How to use and benefits
Healthline. Diakses pada 2023. Treating Acne with Azelaic Acid
Healthline. Diakses pada 2023. AHA vs. BHA: What’s the Difference?
WebMD. Diakses pada 2023. 8 Best Ingredients for Acne-Prone Skin.
The Journal of the European Academy of Dermatology and Venereology. Diakses pada 2023. The epidemiology of adolescent acne in North East China.
Clinical Microbiology Reviews. Diakses pada 2023. Melaleuca alternifolia (Tea tree) oill: a review of antimicrobial and other medicinal properties.
Berlangganan Artikel Halodoc
Topik Terkini
Mulai Rp50 Ribu! Bisa Konsultasi dengan Ahli seputar Kesehatan"
"12 Rekomendasi Skincare untuk Kulit Berjerawat, Aman Digunakan Setiap Hari",2024-05-06,Audrey Rachelia,https://www.farmaku.com/artikel/rekomendasi-skincare-untuk-kulit-berjerawat-aman-digunakan-setiap-hari/,"Skincare untuk kulit berjerawat umumnya dapat membantu menenangkan kemerahan, membuat jerawat lebih cepat sembuh, serta mencegah timbulnya jerawat. Menggunakan sembarangan produk justru bisa membuat jerawat bertambah parah. Farmaku telah merangkum beberapa produk perawatan wajah yang cocok untuk kulit berjerawat.
Pilihan Skincare untuk Kulit Berjerawat
Jerawat merupakan kondisi kulit umum yang terjadi saat pori-pori tersumbat oleh minyak dan sel kulit mati. Jika Anda mengalaminya, tenang saja karena ada banyak orang yang juga mengalami hal serupa.
Jerawat dapat diatasi dengan produk perawatan khusus untuk kulit berjerawat. Produk ini umumnya mengandung senyawa aktif yang mampu mengatasi pori tersumbat.
Berikut adalah beragam produk perawatan wajah untuk kulit berjerawat, antara lain:
1. Erha Acneact Facial Cleanser Oil Free & Acne Control
Membersihkan wajah menjadi bagian penting dalam merawat kulit yang berjerawat. Pasalnya, wajah yang berminyak dan kotor dapat menyumbat pori, yang akhirnya menimbulkan jerawat.
Erha Acneact Facial Cleanser Oil Free & Acne Control adalah pembersih wajah dengan kandungan senyawa aktif BHA (salicylic acid) dan sulfur. Kombinasi kandungan ini dapat mengangkat minyak berlebihan dan sel kulit mati di dalam pori. Selain itu, produk ini juga dapat melawan bakteri penyebab jerawat.
Pembersih wajah dari Erha ini cocok digunakan untuk kulit berminyak, berjerawat, dan pori-pori besar.
Beli Erha Acneact Facial Cleanser Oil Free & Acne Control Tube 100 gr Sini
2. Cetaphil Gentle Skin Cleanser
Cetaphil Gentle Skin Cleanser dapat menjadi pilihan untuk membersihkan wajah kulit berjerawat.
Pembersih wajah ini memiliki formula lembut dan tidak mengandung sabun. Meski demikian produk ini tetap dapat mengangkat sel kulit mati, kotoran, dan polusi dengan baik, sehingga aman untuk kulit yang iritasi dan berjerawat.
Selain itu, Cetaphil Gentle Skin Cleanser tidak mengandung pewangi tambahan dan busa sehingga aman untuk kulit kering dan sensitif.
Beli Cetaphil Gentle Skin Cleanser 125 ml di Sini
Beli Cetaphil Gentle Skin Cleanser 250 ml di Sini
3. Somethinc Acnedot Treatment Cleanser Low pH
Pembersih wajah Somethinc Acnedot Treatment Cleanser Low pH juga dapat menjadi pilihan untuk membersihkan kulit wajah yang berjerawat. Kandungan tea tree pada produk ini bertindak sebagai antibakteri untuk mencegah timbulnya jerawat lainnya.
Selain itu, pembersih wajah dari Somethinc ini juga diperkaya dengan kandungan trehalose yang dapat menjaga kulit tetap lembap dan tidak terasa ketarik. Produk ini cocok untuk Anda yang memiliki kulit berjerawat dan tidak suka dengan rasa ketarik setelah mencuci wajah.
Beli Somethinc Acnedot Treatment Cleanser Low pH Tube 100 ml di Sini
4. Somethinc Acnedot Treatment Toner
Setelah mencuci wajah, Anda membutuhkan toner. Penggunaan toner dapat membantu mengangkat sisa kotoran dan minyak yang masih tersisa dalam pori wajah. Selain itu, menggunakan toner juga dapat membantu mempersiapkan kulit untuk menyerap produk skincare selanjutnya.
Somethinc Acnedot Treatment Toner mengandung korean green tea water yang bermanfaat untuk melawan bakteri penyebab jerawat sekaligus mengatasi kemerahan pada kulit. Apabila digunakan secara rutin, toner wajah ini dapat membantu menyamarkan pori-pori besar pada wajah.
Produk ini sudah teruji secara dermatologi, memiliki pH seimbang, serta tidak bersifat komedogenik.
Beli Somethinc Acnedot Treatment Toner Botol 40 ml di Sini
Beli Somethinc Acnedot Treatment Toner Botol 100 ml di Sini
5. Erha Serum Anti Acne
Serum merupakan produk perawatan wajah yang dengan konsentrasi senyawa aktif lebih tinggi dibandingkan dengan produk lain, sehingga hasil dari penggunaannya bisa terlihat dalam waktu lebih cepat.
Ketika memilih serum, penting untuk melihat senyawa aktif di dalamnya. Pilih senyawa aktif yang bisa menjawab masalah kulit Anda.
Erha Serum Anti Acne merupakan serum dengan kandungan senyawa aktif salicylic acid dan niacinamide. Kombinasi kandungan ini dapat membantu mengatasi jerawat serta mencegah munculnya jerawat di kemudian hari.
Produk ini cocok digunakan untuk Anda yang memiliki kulit berjerawat dan berminyak.
Beli Erha Serum Anti Acne Botol 30 ml di Sini
6. Somethinc Serum Salicylic Acid Liquid Perfector
Somethinc Serum Salicylic Acid Liquid Perfector merupakan serum dengan kandungan senyawa aktif salicylic acid di dalamnya. Senyawa aktif ini bekerja dengan mengangkat minyak dan sel kulit mati yang menyumbat pori.
Serum ini juga dilengkapi dengan kandungan Maclura Cochinchinensis Leaf Prenylflavonoids yang bermanfaat untuk meminimalisasi jumlah bakteri dan minyak yang berlebihan pada kulit. Kandungan natural soother dalam produk ini mampu menjaga kulit tetap terhidrasi.
Kombinasi kandungan senyawa aktif di dalam serum ini mampu mengatasi jerawat, menenangkan kulit yang meradang akibat jerawat, serta mencegah timbulnya jerawat di kemudian hari.
Beli Somethinc Serum Salicylic Acid Liquid Perfector Botol 20 ml di Sini
7. Skintific Moisturize Gel 5X Ceramide Barrier Repair
Pelembap merupakan produk skincare yang tidak boleh Anda lewatkan. Bahkan jika Anda memiliki kulit berminyak, pelembap tetap diperlukan. Pasalnya, ketika kulit kering, justru kulit akan memproduksi pelembap lebih banyak.
Jika Anda memiliki kulit berminyak dan berjerawat, maka pilihlah pelembap yang memiliki tekstur gel. Salah satu produk yang layak untuk dicoba adalah Skintific Moisturize Gel 5X Ceramide Barrier.
Pelembap wajah dari Skintific ini mengandung 5 jenis ceramide yang dapat membantu memberikan kelembapan serta membantu memperbaiki skin barrier wajah. Selain itu, produk ini juga dilengkapi dengan centella asiatica yang dapat menenangkan kulit yang berjerawat.
Beli Skintific Moisturize Gel 5X Ceramide Barrier Repair Botol 30 gr di Sini
8. La Roche Posay Moisturizer Effaclar Duo+
La Roche Posay Effaclar Duo+ merupakan pelembap wajah yang diformulasikan khusus untuk kulit yang berminyak dan berjerawat. Pelembap wajah ini memiliki tekstur gel cream yang dapat memberikan hidrasi tanpa membuat kulit berminyak.
Kandungan niacinamide di dalamnya dapat membantu mengatasi jerawat serta menenangkan kulit yang kemerahan. Selain itu, produk ini juga mengandung aqua posae filiformis dan mannose yang dapat menjaga keseimbangan mikrobioma pada kulit serta mendukung regenerasi kulit.
Beli La Roche Posay Moisturizer Effaclar Duo+ Tube 40 ml di Sini
9. Skintific Moisturizer Cream Gel Truffle Biome
Skintific juga menghadirkan pelembap wajah dengan tekstur ringan namun dapat memberikan banyak manfaat untuk kulit, yaitu Skintific Moisturizer Cream Gel Truffle Biome.
Pelembap wajah ini memiliki dua lapisan, yaitu gel dan bubble. Bagian bubble mengandung white truffle sementara bagian gel yang melapisinya mengandung ceramide.
White truffle bermanfaat untuk melindungi kulit dari radikal bebas, sementara kandungan ceramide dapat membantu memperbaiki skin barrier. Tidak hanya itu, pelembap wajah ini juga mengandung kompleks probiotik yang dapat menghidrasi kulit.
Skintific Moisturizer Cream Gel Truffle Biome dapat membantu mengatasi kulit yang berjerawat, gejala iritasi, serta membuat kulit lebih halus.
Beli Skintific Moisturizer Cream Gel Truffle Biome Botol 50 gr di Sini
10. Safi Naturals Acne Mattifying Cream Tea Tree Oil
Safi Naturals Acne Mattifying Cream Tea Tree Oil adalah pelembap wajah yang diformulasikan khusus untuk mengatasi kulit yang berjerawat. Kandungan tea tree oil dan aloe vera dalam produk ini dapat membantu mengurangi produksi minyak berlebih serta kemerahan akibat jerawat.
Pelembap wajah ini aman untuk digunakan oleh kulit berjerawat dan kemerahan karena sudah teruji secara dermatologi. Selain itu, produk ini juga sudah memiliki sertifikat halal.
Beli Safi Naturals Acne Mattifying Cream Tea Tree Oil Botol 20 gr di Sini
11. Erha Acne Spot Gel
Erha Acne Spot Gel merupakan produk yang dioleskan hanya pada bagian kulit yang berjerawat. Produk ini mengandung senyawa aktif salicylic acid dan sulfur. Kombinasi senyawa aktif ini dapat membantu membunuh bakteri penyebab jerawat sekaligus membuat jerawat lebih cepat kering.
Selain membantu menyembuhkan jerawat, produk ini juga dapat membantu menyamarkan noda bekas jerawat berkat kandungan niacinamide di dalam produk ini.
Beli Erha Acne Spot Gel Tube 10 gr di Sini
12. Erha Acne Sun Friendly SPF45 PA+++
Kulit yang rentan berjerawat butuh tabir surya khusus yang tidak bersifat non-comedogenic. Jika Anda memiliki kulit berminyak dan rentan berjerawat, Anda dapat mencoba Erha Acne Sun Friendly SPF45 PA+++.
Tabir surya ini dilengkapi dengan kandungan niacinamide dan zinc gluconate yang dapat membuat wajah menjadi lebih cerah serta mengurangi produksi minyak yang berlebihan.
Erha Acne Sun Friendly SPF45 PA+++ bersifat non-comedogenic serta non-acnegenic, sehingga aman untuk kulit yang rentan berjerawat.
Beli Erha Acne Sun Friendly SPF45 PA+++ Tube 30 gr di Sini
Itulah beberapa produk skincare yang cocok untuk kulit berjerawat. Apabila jerawat yang Anda alami tidak kunjung membaik atau semakin bertambah parah, Anda disarankan untuk berkunjung ke dokter atau konsultasi dengan dokter rekanan Farmaku di link ini: Chat Dokter, download aplikasi Farmaku sekarang!
Baca juga:"
"Jerawat Papula: Ciri, Penyebab, dan Cara Mengatasinya",2024-06-03,,https://www.garnier.co.id/tips-dan-trick/perawatan-wajah-wanita/apa-itu-jerawat-papula-dan-bagaimana-cara-mengatasinya,"Apa itu Jerawat Papula? Ini Penyebab dan Cara Mengatasinya!
Jerawat papula seringkali menjadi mimpi buruk bagi banyak orang yang berusaha menjaga kulit wajah mereka tetap bersih dan sehat. Jerawat jenis ini bisa sangat mengganggu penampilan dan rasa percaya diri seseorang.
DAFTAR ISI
Apa itu Jerawat Papula
Penyebab Jerawat Papula
Ciri Jerawat Papula
Cara Mengatasi Jerawat Papula
Rekomendasi Skincare untuk Mengatasi Jerawat Papula
Berikut ini kita akan membahas secara mendalam tentang apa itu jerawat papula, faktor-faktor yang menyebabkannya, serta memberikan contoh jerawat papula dan cirinya. Selain itu, ada juga beberapa cara mengatasi jerawat papula dan memberikan rekomendasi produk terbaik untuk membersihkan bakteri di wajah, yaitu Garnier Micellar Water Salicylic BHA.
Apa itu Jerawat Papula?
Jerawat papula adalah salah satu jenis jerawat yang sering dihadapi oleh banyak orang. Secara umum, papula adalah lesi kecil berwarna merah dan keras yang muncul di permukaan kulit, seringkali tanpa adanya pusat nanah.
Jerawat papula dapat terasa sedikit nyeri saat disentuh dan biasanya muncul ketika pori-pori kulit tersumbat oleh sebum dan sel-sel kulit mati, yang kemudian mengalami inflamasi karena bakteri. Mengenal jerawat papula adalah langkah pertama yang penting untuk kamu yang ingin mengatasi jenis jerawat ini secara efektif.
Baca juga: Yuk, Kenalan dengan Berbagai Jenis Jerawat dan Cara Mengatasinya
5 Penyebab Jerawat Papula
Ada beberapa faktor yang bisa menjadi penyebab jerawat papula, antara lain:
1. Produksi Sebum yang Berlebih
Ketika kelenjar sebaceous di kulitmu menghasilkan sebum secara berlebihan, ini bisa menyebabkan penyumbatan pori-pori yang pada akhirnya menimbulkan jerawat papula.
2. Penumpukan Sel Kulit Mati
Sel kulit mati yang tidak terangkat dengan baik dapat menyumbat pori-pori bersama dengan sebum, menjadi penyebab jerawat papula.
3. Perubahan Hormonal
Hormon seperti androgen yang meningkat dapat memicu produksi sebum yang lebih banyak, yang sering kali terjadi selama masa pubertas, menstruasi, atau stres.
4. Bakteri
Bakteri seperti Propionibacterium acnes dapat berkembang biak dalam pori-pori tersumbat, yang memperparah inflamasi dan membentuk jerawat papula.
5. Iritasi Kulit
Menggunakan produk perawatan kulit yang tidak sesuai atau terlalu keras dapat mengiritasi kulit dan memicu munculnya jerawat papula.
Ciri Jerawat Papula
Jerawat papula biasanya muncul sebagai benjolan kecil yang keras dan merah pada kulit. Tidak seperti pustula, jerawat papula tidak memiliki pus di puncaknya. Ciri jerawat papula ini mudah dikenali karena tekstur dan warna merah yang jelas menunjukkan adanya inflamasi. Jerawat ini juga bisa terasa sakit saat disentuh karena area tersebut sudah meradang.
5 Cara Mengatasi Jerawat Papula
Untuk kamu yang ingin tahu cara mengatasi jerawat papula, berikut adalah beberapa langkah yang bisa kamu ambil:
1. Pembersihan Kulit yang Rutin
Salah satu cara mengatasi jerawat papula yang paling dasar adalah menjaga kebersihan kulit secara rutin. Aku menyarankan untuk membersihkan wajah dua kali sehari menggunakan pembersih wajah yang lembut namun efektif. Produk pembersih ini harus mampu mengangkat sebum dan kotoran yang menumpuk tanpa mengeringkan kulit.
Pembersihan yang benar adalah kunci utama untuk mencegah pembentukan jerawat papula, karena dapat mengurangi penyumbatan pada pori-pori yang sering menjadi penyebab jerawat papula.
2. Gunakan Produk yang Mengandung BHA atau Salicylic Acid
Cara mengatasi jerawat papula yang efektif lainnya adalah dengan menggunakan produk perawatan kulit yang mengandung Beta Hydroxy Acid (BHA) atau salicylic acid. Bahan ini sangat baik dalam menembus pori-pori yang tersumbat, mengangkat sel kulit mati, dan membantu mengurangi inflamasi yang sering terkait dengan jerawat papula.
Penggunaan teratur dari produk yang mengandung BHA atau salicylic acid dapat secara signifikan mengurangi frekuensi dan keparahan jerawat papula.
3. Hindari Menyentuh atau Memencet Jerawat
Sering kali, cara mengatasi jerawat papula yang paling sederhana adalah dengan tidak menyentuh atau memencet jerawat. Ini karena menyentuh atau memencet jerawat papula hanya akan memperburuk inflamasi dan dapat menyebarkan bakteri ke area lain di wajah, yang bisa menyebabkan lebih banyak jerawat papula. Menjaga tanganmu agar tidak menyentuh wajah adalah langkah penting dalam menjaga kulit bebas dari jerawat papula.
4. Jaga Kebersihan Handuk dan Sarung Bantal
Bakteri dan minyak bisa dengan mudah menumpuk pada permukaan yang sering kamu sentuh seperti handuk dan sarung bantal.
Cara mengatasi jerawat papula ini melibatkan menjaga kebersihan handuk dan sarung bantal dengan menggantinya secara teratur. Mencuci handuk dan sarung bantal setidaknya sekali seminggu dengan air panas dapat membantu menghilangkan bakteri yang mungkin berkontribusi pada pembentukan jerawat papula.
5. Konsultasi dengan Dermatologis
Jika jerawat papula kamu tidak kunjung membaik dengan perawatan di rumah, atau jika jerawat papula kamu tergolong parah, cara mengatasi jerawat papula yang paling bijaksana adalah dengan berkonsultasi dengan seorang dermatologis.
Dokter kulit dapat memberikan diagnosa yang akurat dan menawarkan pengobatan yang lebih spesifik seperti obat-obatan resep atau prosedur medis yang mungkin diperlukan untuk mengatasi jerawat papula.
Baca juga: 10 Cara Menghilangkan Jerawat Batu dengan Benar
Rekomendasi Produk untuk Mengatasi Jerawat Papula
Adapun rekomendasi produk untuk mengangkat bakteri di wajah dan mengurangi jerawat papula adalah Garnier Micellar Water Salicylic BHA. Produk ini adalah pembersih wajah micellar cleansing water pertama dari Garnier yang mengandung Salicylic BHA, yang sangat efektif untuk mencegah jerawat, mengatasi minyak berlebih, serta membantu mencerahkan kulit.
Manfaat pembersih wajah Garnier ini sangat cocok untuk kulit kombinasi, kusam, berminyak, dan rentan berjerawat karena formula lembut hypoallergenicnya tanpa pewangi. Plus, kamu tidak perlu bilas setelah menggunakannya!
Dengan memahami apa itu jerawat papula, penyebabnya, serta cara mengatasinya, kamu sudah satu langkah lebih dekat untuk memiliki kulit yang lebih bersih dan sehat. Jangan lupa, menggunakan produk yang tepat seperti Garnier Micellar Water Salicylic BHA dapat membantu kamu dalam perjuangan melawan jerawat papula.
Kamu bisa langsung mendapatkan Garnier Micellar Water Salicylic BHA di official shop Garnier Indonesia yang ada di marketplace/e-commerce terkemuka. Kamu juga bisa membelinya langsung di toko kosmetik, supermarket, dan minimarket terdekat. Ingatlah untuk selalu mengaplikasikan sunscreen secara teratur dan melindungi kulitmu dari sinar UV yang berbahaya.
Referensi:"
Seputar Jerawat Papula Beserta Penyebab dan Cara Mengatasinya,2023-11-10,,https://www.alodokter.com/jerawat-papula-ciri-ciri-dan-cara-mengatasinya,"Jerawat papula adalah jerawat yang menonjol, kecil, padat, tampak kemerahan, dan tidak mengandung nanah. Meski bukanlah kondisi yang serius, jerawat ini dapat mengganggu penampilan. Namun, Anda tidak perlu khawatir, karena ada berbagai cara untuk mengatasinya.
Sama seperti jerawat pada umumnya, jerawat papula muncul karena penyumbatan dan peradangan di pori-pori wajah. Jerawat ini ditandai dengan munculnya benjolan padat dengan ukuran kurang dari 1 cm. Tak hanya di wajah, jerawat ini juga bisa muncul di dada dan punggung menyerupai jerawat pasir.
Munculnya jerawat papula bisa disebabkan oleh berbagai faktor atau kondisi yang memengaruhi kulit, seperti:
Selain itu, ada beberapa hal lain yang dapat memicu timbulnya jerawat papula, mulai dari konsumsi obat tertentu seperti kortikosteroid, penggunaan kosmetik, hingga tidak menjaga kebersihan kulit. Kondisi medis tertentu, seperti dermatitis kontak dan eksim, juga bisa memicu munculnya jerawat papula.
Jerawat papula dapat diatasi dengan berbagai perawatan sederhana di rumah, seperti:
Untuk mengatasi jerawat papula, Anda disarankan untuk membersihkan kulit wajah dan tubuh secara rutin, yaitu minimal 2 kali sehari. Tak hanya itu, mencuci wajah terlalu sering juga tidak disarankan karena bisa memicu terjadinya iritasi, peningkatan produksi minyak, dan akhirnya membuat jerawat papula semakin banyak.
Selain mencuci wajah secara rutin, pilihlah pembersih wajah yang tepat. Pembersih wajah yang mengandung asam salisilat, benzoil peroksida, atau sulfur merupakan pilihan pembersih wajah yang baik untuk kulit berjerawat.
Kandungan-kandungan tersebut mampu menjaga pori-pori tetap bersih dan menghilangkan sel-sel kulit mati, sehingga dapat membantu proses penyembuhan jerawat papula.
Sama dengan jenis jerawat lainnya, hindari menyentuh, menggaruk, maupun memecahkan jerawat papula sendiri. Tindakan ini bisa membuat jerawat semakin meradang dan menyebabkan luka di permukaan kulit, sehingga dapat memicu terbentuknya bekas jerawat.
Hindari menggunakan losion ataupun make up di area tubuh yang terkena jerawat, karena bisa menambah sumbatan di pori-pori. Selain itu, hindari pula menggunakan produk yang belum pernah digunakan sebelumnya. Bila ternyata tidak cocok, produk tersebut justru bisa menyebabkan iritasi yang memperparah jerawat papula.
Bersihkan rambut secara rutin menggunakan sampo, terutama jika Anda memiliki jenis rambut berminyak. Selain itu, hindari model rambut berponi karena tertutupnya permukaan kulit wajah bisa membuat jerawat semakin parah dan memicu munculnya jerawat papula baru.
Jika berbagai cara di atas belum berhasil mengatasi jerawat papula, Anda dapat berkonsultasi dengan dokter. Dokter bisa memberikan pengobatan yang tepat untuk mengatasi jerawat papula. Beberapa obat yang biasanya diberikan adalah antibiotik dan retinoid."
Jenis Jerawat dan Cara Mengatasinya,2024-02-28,Pontianaksoftware Com,https://dinkes.kalbarprov.go.id/artikel/jenis-jerawat-dan-cara-mengatasinya/,"Jenis Jerawat dan Cara Mengatasinya
Jerawat merupakan salah satu masalah kulit yang seringkali kita jumpai di masa-masa pubertas, terutama saat perubahan hormon di dalam tubuh sedang aktif-aktifnya. Jerawat sendiri pastilah menjadi salah satu penyebab mengapa kita kehilangan kepercayaan diri saat mengunakan riasan atau bahkan berjalan di tengah keramaian. Beberapa kebiasaan seperti menggunakan produk pembersih wajah yang tidak cocok dengan jenis kulit, membiarkan riasan menempel di wajah sampai terbawa tidur atau karena perubahan hormon di usia remaja terkadang menyebabkan jerawat menjadi lebih mudah muncul dan tidak sedikit yang meninggalkan bekas seperti noda hitam atau flek di kulit. Jenis-jenis jerawat ternyata berbeda, maka cara mengatasi jerawat juga harus sesuai agar masalah teratasi.
Biasanya, jerawat muncul karena tersumbatnya pori-pori oleh minyak berlebih, sel kulit mati, kotoran, dan sebagainya. Banyak faktor penyebab juga membuat jerawat yang timbul pada wajah atau tubuh kita berbeda-beda bentuknya. Karena itu, cara mengatasi jerawat juga harus disesuaikan agar masalah bisa teratasi secara tepat. Apa saja jenis jerawat yang umumnya muncul dan bagaimana cara mengatasi jerawat dengan tepat.
Jenis Jerawat dan penanganannya:
- Jerawat Blackheads, Blackheads atau komedo berwarna hitam ini sebenarnya salah satu jenis jerawat. Jenis ini biasanya muncul di sekitar hidung. Blackheads muncul karena tersumbatnya pori-pori oleh minyak berlebih. Sebagian orang mungkin tidak peduli dengan kehadiran blackheads, tetapi kalau dibiarkan dapat menimbulkan masalah baru untuk wajah untuk mengatasi blackheads ini, kamu bisa menggunakan krim wajah dengan kandungan asam salisilat, benzoyl peroxide, dan resorsinol. Bahan-bahan ini berguna untuk membunuh bakteri penyebab komedo, mengurangi minyak berlebih, dan mengangkat sel kulit mati.
- Jerawat Whiteheads, Whiteheads atau komedo berwarna putih ini juga merupakan jerawat sering muncul di wajah. Whiteheads muncul karena tersumbatnya pori-pori dan menutupi seluruh permukaan sehingga terlihat benjolan putih. Untuk mengatasinya, kamu bisa menggunakan produk dengan kandungan AHA, retinoid, benzoyl peroxide, dan asam salisilat yang berfungsi untuk mengangkat sel kulit mati, membunuh bakteri, dan mengurangi peradangan pada area komedo.
- Jerawat Pustula, adalah jerawat dengan cairan nanah di dalamnya. Jerawat ini berukuran lebih besar dari komedo putih dan dikelilingi kemerahan. Jerawat ini biasanya muncul di area yang mudah berminyak, seperti wajah, punggung, dan dada. Jerawat ini paling sering menyerang saat usia remaja. Menurut American Academy of Dermatology, cara mengatasi jerawat pustula ini dengan sabun cuci muka yang memiliki kandungan benzoyl peroxide dan asam salisilat. Benzoyl peroxide berfungsi untuk membunuh bakteri penyebab jerawat dan asam salisilat untuk membersihkan sel kulit mati pada wajah.
- Jerawat Papula, Jerawat jenis papula muncul dengan bentuk benjolan di bawah permukaan kulit. Apabila jerawat ini disentuh, akan terasa nyeri. Kulit di sekitar jerawat papula ini akan kemerahan namun tidak ada nanah di puncaknya. Jerawat papula bisa muncul karena komedo hitam dan putih yang dibiarkan, sehingga menjadi iritasi dan merusak kulit sekitarnya, kemudian berubah menjadi peradangan. Cara mengatasi jerawat ini adalah gunakan produk yang mengandung asam salisilat dan benzoyl peroxide. Selain itu, pilih produk dengan kandungan retinoid karena mampu membantu memulihkan sel kulit yang rusak.
- Jerawat Kistik, Jenis jerawat ini biasanya kita kenal dengan nama jerawat batu. Jerawat batu biasanya berbentuk benjolan merah, cukup besar, dan keras. Jerawat kistik ini muncul karena penumpukan minyak dan sel kulit mati di jaringan kulit bagian dalam. Jenis jerawat ini adalah jerawat yang parah. Untuk mengatasi jenis jerawat ini, selain menggunakan produk yang mengandung benzoyl peroxide dan retinoid, gunakan produk isotretinoin. Isotretinoin merupakan obat yang memang ditujukan untuk jerawat batu. Namun, penggunaannya harus dalam pengawasan dokter.
- Jerawat Nodul, Jenis jerawat ini termasuk ke dalam kondisi jerawat yang parah dan tidak bisa diobati dengan obat bebas. Jerawat ini muncul dapat disebabkan oleh faktor keturunan dan hormon yang tidak seimbang. Jerawat nodul berbentuk besar, keras, terasa sakit, dan muncul di bawah permukaan kulit. Jenis jerawat nodul ini dapat bertahan berminggu-minggu bahkan lebih. Jerawat ini seringkali muncul pada remaja laki-laki saat masa pubertas. Meskipun semua orang juga dapat mengalami masalah ini. Cara mengatasi jerawat ini adalah memeriksakannya ke dokter kulit agar diberikan antibiotik dan obat lainnya. Karena pengobatan tanpa resep dokter tidak bisa mengatasi masalah jerawat yang satu ini.
- Jerawat Mekanika, Jenis jerawat mekanika ini biasanya dialami oleh para atlet. Biasanya, jerawat ini juga muncul di bagian tubuh lainnya selain wajah, seperti punggung dan dada. Jerawat ini muncul karena adanya tekanan, suhu panas, dan gesekan di suatu area. Umumnya atlet menggunakan pakaian yang ketat dan berbagai perlengkapan olahraga lainnya. Pakaian yang ketat ini yang menimbulkan banyaknya keringat dan menimbulkan jerawat mekanika. Kamu bisa mengatasi jerawat ini di rumah. Cara mengatasi jerawat ini adalah menggunakan produk dengan kandungan asam salisilat dan benzoyl peroxide.
Sumber :
1. Direktorat Jenderal Pelayanan Kesehatan, 2022, Jenis Jerawat dan Cara Mengatasinya, Informasi Publik Kemenkes RI
2. Retno Tri Lestari, dkk. 2021. Perilaku Mahasiswa Terkait Cara Mengatasi Jerawat. Jurnal Farmasi Komunitas Fakultas Farmasi Universitas Airlangga Surabaya.
Foto : Ditjen Yankes"
7 Cara Menghilangkan Jerawat Papula yang Efektif - Eterniskin,2024-08-01,Kornelius Sembiring,https://www.eterniskin.id/blog/7-cara-menghilangkan-jerawat-papula-yang-efektif/,"Jerawat papula adalah salah satu jenis jerawat memiliki ciri berbentuk menonjol, kecil, padat, dan tampak kemerahan namun tidak mengandung nanah. Adapun cara menghilangkan jerawat papula ini sebenarnya cukup mudah apabila mengetahui penyebab utamanya.
Secara umum, papula terjadi akibat penyumbatan pori-pori oleh minyak, sel kulit mati, dan bakteri yang menyebabkan peradangan. Umumnya muncul di wajah seperti dahi, pipi, dan dagu, tetapi juga dapat muncul di punggung dan dada. Papula dapat berkembang menjadi pustula atau nodul jika tidak ditangani.
Meskipun tidak terlalu serius, jerawat papula dapat mengganggu penampilan. Tidak jarang para penderita jerawat ini merasa kurang percaya diri dan malu untuk berada di depan orang lain. Oleh karena itu, mengobatinya secepat mungkin dengan cara efektif sangatlah dibutuhkan.
BACA JUGA: JERAWAT PAPULA: CIRI, PENYEBAB, HINGGA CARA MENGATASINYA
7 Cara Menghilangkan Jerawat Papula
Jerawat memang termasuk permasalahan kulit yang hampir dimiliki oleh setiap orang. Namun, jenis jerawat papula ini cukup menyebalkan karena bisa membuat wajah kemerahan. Berikut adalah beberapa cara efektif untuk menghilangkan jerawat papula:
1. Konsultasikan dengan Dokter
Jika jerawat papula tidak kunjung sembuh setelah menggunakan obat jerawat topikal, konsultasi dengan dokter kulit adalah langkah yang bijak. Dokter dapat mendiagnosis penyebab pasti jerawat dan meresepkan obat yang sesuai dengan permasalahan kulit.
Dokter mungkin akan meresepkan antibiotik oral untuk menekan pertumbuhan bakteri penyebab jerawat dan mengurangi peradangan. Untuk kasus yang lebih parah, isotretinoin juga bisa diresepkan. Obat ini sangat efektif namun memerlukan pemantauan ketat karena efek sampingnya.
2. Gunakan Pembersih Wajah yang Tepat
Dalam memilih pembersih wajah tidak boleh dilakukan dengan asal-asalan. Terutama jika Anda memiliki jerawat papula dan ingin mencoba menghilangkannya. Oleh karena itu, coba perhatikan kandungan pembersih wajah berikut ini:
- Asam Salisilat, yaitu dapat membantu membersihkan pori-pori dari sel kulit mati dan minyak yang menyumbat.
- Benzoil Peroksida, yaitu dapat menghilangkan bakteri di permukaan kulit dan mencegah peradangan.
- Sulfur, yaitu dapat mengurangi minyak di permukaan kulit dan membuka pori-pori
3. Hindari Mencuci Wajah Terlalu Sering
Meskipun sudah memilih pembersih wajah yang sesuai, cara menghilangkan jerawat papula tidak berhenti pada tahapan itu saja. Dalam membersihkan wajah, mencuci wajah dua kali sehari sudah cukup. Terlalu sering mencuci wajah dapat menyebabkan iritasi dan produksi minyak berlebih.
Selain itu, agar jerawat papula tidak menjadi semakin parah, cobalah menggunakan air hangat dan bersihkan wajah secara lebih lembut. Hal ini disebabkan oleh karakteristik jerawat papula yang mudah mengalami peradangan sehingga harus ditangani dengan lebih gentle.
4. Hentikan Kebiasaan Memencet Jerawat
Memencet jerawat dapat menyebabkan trauma pada kulit, memperparah peradangan, dan meningkatkan risiko bekas luka. Meskipun terkadang memberikan rasa terpuaskan setelah memencet jerawat, cara ini justru sangat tidak disarankan.
Sebagai gantinya, biarkan jerawat sembuh secara alami atau gunakan perawatan medis yang memang dianjurkan oleh dokter spesialis kulit. Dengan begitu, jerawat papula tidak akan meninggalkan bekas kehitaman pada permukaan kulit Anda.
Dapatkan Promo Perawatan Ekslusif di Klink Kecantikan Eterniskin!
5. Perhatikan Pola Makan
Saat sedang memiliki jerawat papula, Anda wajib menghindari makanan yang dapat memicu jerawat, seperti makanan tinggi gula dan produk susu. Konsumsilah makanan kaya akan vitamin, mineral, dan antioksidan seperti sayuran hijau, kacang-kacangan, buah-buahan, dan biji-bijian.
Jika terlalu banyak konsumsi gula, karbohidrat tinggi, dan produk susu, maka dapat meningkatkan produksi minyak dan memperparah jerawat. Makanan berlemak dan berminyak jelas dapat menyumbat pori-pori sehingga dapat memicu munculnya jerawat.
6. Gunakan Obat Oles atau Krim Jerawat
Jika berkonsultasi dengan dokter kulit terkait bagaimana cara menghilangkan jerawat papula tersebut, Anda akan mendapatkan rekomendasi obat oles atau krim jerawat khusus. Biasanya, kandungan yang terdapat dalam obat tersebut antara lain:
BACA JUGA: SELAIN MENGOBATI JERAWAT, INI 8 FUNGSI MIKRODERMABRASI
- Benzoil Peroksida, yaitu menghilangkan bakteri dan mengurangi peradangan.
- Asam Salisilat, yaitu berfungsi mengelupaskan sel kulit mati dan membuka pori-pori yang tersumbat.
- Retinoid, yaitu merangsang pergantian sel dan mencegah penyumbatan folikel rambut. Produk ini dapat digunakan pada malam hari untuk mengurangi iritasi.
7. Jaga Kebersihan Rambut
Salah satu penyebab munculnya jerawat papula adalah kondisi rambut yang tidak terjaga kebersihannya. Sebaiknya cuci rambut secara teratur, terutama jika memiliki rambut berminyak. Minyak dari rambut dapat berpindah ke wajah dan menyebabkan jerawat.
Hindari gaya rambut dengan poni yang menutupi dahi, karena bisa memperparah jerawat di area tersebut. Begitu pula dengan gaya yang membuat rambut jadi lebih sering menempel pada kulit wajah. Meskipun tidak disadari, kotoran pada rambut ini justru menjadi penyebab utama tersumbatnya pori-pori kulit.
Cara menghilangkan jerawat papula di atas sangatlah efektif jika dilakukan dengan cara yang benar. Jika setelah beberapa minggu tidak ada perubahan atau kondisi jerawat memburuk, segera konsultasikan dengan dokter kulit untuk penanganan lebih lanjut.
Tentunya, Anda tetap membutuhkan masukan profesional demi mendapatkan hasil maksimal. Untuk dapatkan solusi yang efektif dan aman dalam penanganan masalah jerawat, Anda bisa konsultasi secara online dengan dokter kulit terbaik dari Eterniskin. Segera terhubung dengan layanan terpadu kami!
Dapatkan Promo Perawatan Ekslusif di Klink Kecantikan Eterniskin!
Referensi:
- Alodokter, diakses pada Mei 2024, jerawat papula ciri-ciri dan cara mengatasinya
- Diricare, diakses pada Mei 2024, pengobatan jerawat papula
- Halodoc, diakses pada Mei 2024, cara efektif mengatasi jerawat
Artikel telah ditinjau oleh:"
